{"train_loss": 0.011470258235931396, "_timestamp": 1704943601.6119363, "_runtime": 3065.3056242465973, "_step": 606, "_wandb": {"runtime": 3085}}