{"train_loss": 0.0741395428776741, "_timestamp": 1704924136.3819501, "_runtime": 172.5080451965332, "_step": 635, "_wandb": {"runtime": 174}}