{"train_loss": 0.017629403620958328, "_timestamp": 1704925834.247772, "_runtime": 1673.1320049762726, "_step": 606, "_wandb": {"runtime": 1684}}