{"train/loss": 0.08901391178369522, "_timestamp": 1704945559.7068126, "_runtime": 108.19662570953369, "_step": 79, "_wandb": {"runtime": 111}}