{"train_loss": 0.006926219444721937, "_timestamp": 1704947921.033099, "_runtime": 2333.0704469680786, "_step": 1619, "val_loss": 0.009706657379865646, "test_loss": 0.15336038172245026, "_wandb": {"runtime": 2332}}